feature,importance
title__head,0.019699913
title__mix 2025,0.01819635
title__information,0.01754682
title__to do,0.013584681
title__current,0.012832189
title__news live,0.012629149
title__cable,0.010997734
title__deep,0.010259003
title__ca,0.010248812
title__and business,0.0101276105
title__dji,0.009816596
title__become a,0.0084799705
title__patreon,0.007911911
title__software,0.007851214
title__cartoon,0.007715506
title__balance,0.007142797
title__out the,0.007056497
title__moment,0.0066053155
title__past,0.006433595
title__lyrics,0.0063453014
title__go,0.00613848
title__leave,0.0058787884
title__free fire,0.0058372016
title__vlog travel,0.0054537267
title__let s,0.005195577
title__new video,0.0051942687
title__beach,0.0051121577
title__to a,0.0050912127
title__things,0.005081098
title__adventure,0.0050591948
title__discord,0.004994829
title__summer,0.0049534193
title__travel vlog,0.0049520023
title__a free,0.0049470197
title__official,0.0048434734
title__them,0.004784409
title__linkedin,0.004745326
title__reaction,0.0047420585
title__for free,0.0045850226
title__1976 allowance,0.004469159
title__charts,0.004297824
title__brainrot,0.004269641
title__twitch,0.004250231
title__viralnews,0.00422775
title__tiktok com,0.0039615217
title__news on,0.0038240217
title__to you,0.0038115063
title__college,0.0038111752
title__2025 best,0.0037800826
title__comedy,0.003650636
title__pc,0.0035886723
title__remix,0.0035243826
title__your first,0.003493712
title__music,0.0034376972
title__film,0.0034108972
title__stock market,0.003400342
title__glimpse,0.0033840674
title__their,0.0032894714
title__songs,0.0032573338
title__si,0.0031611128
title__fox news,0.003156231
title__https nextadmit,0.0031324576
title__to like,0.0030775687
title__telegram,0.0029757693
title__up for,0.0029409225
title__main,0.0028671185
title__foundation,0.0027502542
title__hour,0.002701624
title__credits,0.0026655653
title__started,0.0026402415
title__book,0.0026400385
title__my,0.0026064443
title__itinerary,0.002591941
title__vlog,0.0025807049
title__loss,0.0025590349
title__dead,0.0025431477
title__producer,0.002528794
title__video i,0.002522587
title__lifestyle,0.0025091765
title__exclusive,0.0025055697
title__for kids,0.00246791
title__money,0.0024080472
title__business,0.002338544
title__to see,0.0023283472
title__start investing,0.0023268075
title__travel guide,0.0022986762
title__community,0.0022837392
title__https instagram,0.002265295
title__i m,0.0022030268
title__subscribe,0.0021999506
title__four,0.0021922975
title__town,0.0021844928
title__great,0.0021705758
title__57,0.0021674493
title__was,0.002144745
title__into a,0.0021267815
title__20s,0.002121354
title__tutorial,0.0021140983
title__discord https,0.0021123532
title__five,0.0020928646
title__viewers,0.0020828764
title__a use,0.0020792386
title__news,0.0020653985
title__invest in,0.0020325712
title__use,0.0020313684
title__msnbc,0.0020255428
title__freefire,0.0020214994
title__back,0.00201156
title__university,0.00201128
title__special,0.0020055214
title__spotify com,0.0019880424
title__at https,0.001971578
title__sharma,0.0019609444
title__market,0.0019489415
title__crash,0.0019471038
title__join,0.0019315628
title__movies 2025,0.0019256293
title__man,0.0019209415
title__fortnite,0.0019164066
title__living,0.0019157329
title__amzn,0.0018964858
title__del,0.001889234
title__york,0.0018825481
title__fire,0.0018790169
title__t miss,0.0018750955
title__check out,0.0018565521
title__never,0.0018501468
title__link https,0.0018261209
title__things to,0.0018222177
title__investment,0.0018138143
title__with you,0.0017976844
title__aur,0.0017636141
title__link,0.0017421889
title__education,0.0017393809
title__episode,0.0017177023
title__live,0.0017167447
title__way to,0.0017070343
title__ankur,0.0017000724
title__08,0.0016977037
title__credit,0.0016926319
title__always,0.0016904898
title__description,0.0016697352
title__london,0.0016654131
title__of the,0.0016451741
title__around,0.0016405374
title__investing,0.0016263436
title__haryanvi,0.0016252444
title__against,0.0016187534
title__which,0.0016072658
title__like us,0.001601495
title__audio,0.0015546702
title__please,0.0015524301
title__channel is,0.0015503381
title__popular,0.0015360962
upload_year,0.0015256003
title__latest,0.0015238086
title__year,0.0014955311
title__code,0.0014775277
title__ly,0.001472642
title__www facebook,0.0014663266
title__instagram com,0.0014640793
title__store,0.001453819
title__another,0.0014415886
title__one of,0.0014352518
title__www instagram,0.0014300601
title__artist,0.0014188153
title__right,0.0014173782
title__cards,0.0014025687
title__gadgets,0.0013949927
title__art,0.001393536
title__love,0.001374774
title__there,0.0013724974
title__he,0.0013722848
title__join our,0.00136723
title__hot,0.0013585155
title__34,0.0013582271
title__23,0.0013580781
title__to start,0.00135768
title__executive producer,0.0013553186
title__future,0.0013463248
title__online,0.0013402622
title__sure,0.0013344748
title__hacks,0.0013342509
title__indian,0.0013318305
title__beginner,0.0013280227
title__so,0.0013237386
title__thriller,0.0013074924
title__rajasthani,0.0013053911
title__nail,0.0013033168
title__tiktok,0.0012942852
title__top,0.0012757727
title__gta,0.0012728798
title__u,0.0012649418
title__newsupdate,0.0012632696
title__trailer 2025,0.0012521714
title__like share,0.0012360055
title__raja,0.0012299533
title__full movie,0.0012219438
title__artificial,0.0012199822
title__patreon com,0.0012161939
title__whatsapp,0.0012109164
title__socials,0.001209144
channel_video_count,0.0012090671
title__pro,0.0012036808
title__keys,0.001198905
title__release,0.0011897414
title__events,0.0011890078
title__old,0.0011855243
title__https youtu,0.0011805143
title__kannada,0.0011733588
title__download,0.0011707942
title__movie,0.0011706786
title__yadav,0.0011631311
title__box,0.0011578364
title__films,0.0011446585
title__ali,0.0011283668
title__way,0.001115163
channel_subscribers,0.0011073259
title__page,0.0010976293
title__financial,0.0010896721
title__today,0.0010843187
title__forget,0.0010728196
title__https amzn,0.001069005
title__even,0.0010598828
title__viralshorts,0.0010532993
title__cast,0.0010521084
title__jeremy,0.0010518013
title__commission,0.0010500804
title__watch the,0.0010432026
title__gaming,0.0010330039
title__i,0.0010318807
title__shorts trending,0.001031404
title__wonders,0.0010222455
title__lesson,0.0010185008
title__poppy,0.0010172552
title__free,0.0010144353
title__tiger,0.001010545
title__https store,0.001008057
title__using,0.0010069375
time_since_upload_days,0.0010045818
title__this is,0.0009967866
title__roblox,0.0009957252
title__cinematic,0.0009936903
title__speed,0.0009917399
title__funny videos,0.0009797597
title__amazing,0.00096591446
title__day,0.00096367206
title__https bit,0.000959584
title__00 introduction,0.0009542315
title__singh,0.0009440684
title__for its,0.0009392063
title__s,0.0009369822
title__viral video,0.00093657547
title__law,0.0009350962
title__00,0.00092917314
title__25,0.0009277175
title__that will,0.00092425523
title__marketing,0.00091501203
title__10,0.00091483386
title__buy,0.000910226
title__amazon,0.00090490654
title__looking,0.0009015433
title__epidemicsound com,0.0008994175
title__two,0.0008959416
title__4k,0.0008941031
title__manager,0.0008918583
title__ko,0.0008899678
title__instagram,0.00088898564
title__थ,0.000885349
channel_view_count,0.0008829956
title__too,0.00088091264
title__affiliate,0.00087536115
title__personal,0.00087440334
title__color,0.0008696258
title__study,0.00086703355
title__each,0.00086660276
title__have a,0.0008559785
title__section,0.00085465226
title__vijay,0.00085364515
title__max,0.00084678753
title__r,0.0008462168
title__31,0.00084518257
title__07,0.00084444135
title__culture,0.00084395614
title__movies,0.00084038166
title__for more,0.0008372097
title__visit,0.0008351602
title__c,0.00083307736
title__bit,0.0008291899
title__tech,0.00082698767
title__twitter com,0.00081939885
title__travelvlog,0.0008166592
title__asha,0.0008141862
title__emotional,0.00081352744
title__favorite,0.00081060425
title__a new,0.00080543594
title__get,0.00080505514
title__জ,0.00080384867
title__sa,0.0008005423
title__epic,0.0007966467
duration_min,0.0007938454
title__https go,0.0007920792
title__channel and,0.00079171784
title__how,0.00078909425
title__merch,0.00078301015
title__set,0.0007814875
title__do you,0.0007802288
title__me,0.00077880034
title__check,0.000778632
title__guys,0.00077745266
title__spotify,0.0007774475
title__for watching,0.00077387656
title__f,0.0007682944
title__smartphone,0.0007677899
title__and the,0.0007638985
title__www,0.00076325866
title__01,0.0007556158
title__then,0.0007536547
title__youtube shorts,0.0007530343
title__found,0.0007489383
title__channel for,0.00074632076
title__play,0.00074316206
title__english,0.0007407458
title__city,0.000739731
title__follow,0.0007364712
title__facebook http,0.00073545735
title__true,0.0007312999
title__viral shorts,0.0007292349
title__want to,0.0007269308
title__of these,0.00072115735
title__the video,0.0007184547
title__channel to,0.0007131245
title__trailer,0.0007100321
title__small,0.0007020192
title__read,0.00069938926
title__email,0.0006988092
title__podcast,0.000693871
title__you can,0.0006875006
title__the channel,0.00068473676
title__long,0.0006843688
title__stand up,0.00068169384
title__game,0.00067935593
title__movie trailer,0.00067384844
title__high,0.0006737474
title__mind,0.0006711609
title__travel,0.0006697234
title__theaters,0.0006666424
title__books,0.00066505163
title__nan,0.0006608685
title__academy,0.00065797765
title__gamer,0.0006562636
title__her,0.00065621414
title__journey,0.00065469154
title__make,0.0006533966
title__ke,0.0006530184
title__exploring,0.0006526694
title__start,0.00064362184
title__of this,0.0006381753
title__who,0.0006360039
title__youtube com,0.0006341718
title__ह,0.00062785763
title__technology,0.0006222735
title__all content,0.0006212187
title__to get,0.00062004896
title__we,0.00061977416
title__facts,0.0006187773
title__ट,0.00061756663
title__what to,0.0006164625
title__edited by,0.0006138652
title__shorts nan,0.00061313517
title__here,0.00061028637
title__just,0.00060998905
title__49,0.0006058406
title__raj,0.0006050715
title__football,0.0005897993
title__ग,0.00058955053
title__courses,0.00058898015
title__learn,0.00058552215
title__olympic,0.00058542035
title__creative,0.0005839612
title__know,0.0005822929
title__edition,0.00058219075
title__tips,0.000581293
title__ক,0.0005805705
title__blue,0.0005801815
title__master,0.0005799609
title__your favorite,0.0005796479
title__his,0.00057958433
title__breaking,0.0005780473
title__value,0.00057265215
title__more,0.0005713501
title__black,0.000570971
title__room,0.0005696756
title__brand,0.0005682777
title__3d,0.00056740426
title__good,0.0005653424
title__electronic,0.00056532334
title__explained,0.00055422226
title__shortsfeed,0.0005523706
title__time,0.00055016973
title__share,0.00054905086
title__those,0.0005441533
title__the world,0.0005434773
title__math,0.000541922
title__i use,0.0005417822
title__dream,0.00053796975
title__9,0.0005346856
title__that,0.00053368555
title__aaj tak,0.0005303701
title__computer,0.00052998844
title__short video,0.00052619644
title__you,0.00052525185
title__official music,0.00052384846
title__commentary,0.0005215623
title__details,0.00052107783
title__य क,0.00051973487
title__prabhas,0.0005192277
title__favor of,0.00051825965
title__tiktok https,0.00051698554
title__nan nan,0.0005159696
title__hope,0.00051142595
title__kantara,0.0005054898
title__stand,0.0005044608
title__animation,0.00050318596
title__maths,0.00049419736
has_links_in_desc,0.000494062
title__comedy new,0.0004902192
title__freedom,0.0004883052
title__https whatsapp,0.00048775508
title__television,0.0004874989
title__light,0.00048400045
title__ram,0.0004839509
tags_count,0.00048232178
title__into,0.00048125727
title__stockmarket,0.00047977356
title__2025,0.0004794036
title__memes,0.0004783402
title__service,0.00047739688
title__olympics,0.00047545944
title__trending,0.00047300005
title__ल क,0.0004715659
title__nails,0.00047048146
title__playing,0.00046958198
title__plus,0.00046921073
title__work,0.00046905383
title__sports,0.00046872607
title__food,0.00046464967
title__background,0.00046142045
title__full,0.00046125468
title__क प,0.00045946034
title__break,0.00045903766
title__wala,0.0004584634
title__at,0.00045777243
title__review,0.00045701468
title__let,0.00045428512
title__trendingshorts,0.00045239346
title__comedy funny,0.00045029397
title__vs,0.0004493486
title__japan,0.0004480258
title__bgmi,0.00044782093
title__with,0.00044767198
title__see,0.00044661487
title__after,0.00044636655
title__फ,0.00044452367
title__na,0.00044356723
title__it,0.00044327753
title__director,0.00044312957
title__of,0.00044309077
title__thank you,0.0004428763
title__ang,0.0004346758
title__many,0.0004335641
title__editor,0.00043197718
title__your,0.00043195588
title__global,0.0004311543
title__features,0.00043112764
title__creating,0.0004294204
title__this,0.0004269937
title__trump,0.00042673555
title__youtube,0.00042441196
title__don,0.00042436723
title__look,0.00042094657
title__music video,0.00041775111
title__useful,0.0004155344
title__clips,0.00041490892
title__as a,0.00041457248
title__how to,0.0004134075
title__த,0.0004127028
title__scene,0.00041106992
title__com,0.0004108329
title__believe,0.00041033168
title__viral,0.00040808303
title__like comment,0.00040802237
title__get access,0.00040768902
title__recording,0.000407625
title__favor,0.00040521473
title__yt,0.00040339364
title__trending shorts,0.00040329143
title__semester math,0.0004029009
title__out of,0.00040209867
title__list,0.0003995341
title__stay,0.0003993828
title__diwali,0.00039764875
title__with me,0.00039688454
title__https,0.00039687718
title__asmr,0.00039600735
title__video are,0.00039407573
title__s a,0.00039177475
title__do,0.0003914122
title__videos,0.00039113013
title__bhai,0.00039059194
title__under,0.0003902331
title__pictures,0.00038974415
title__level,0.00038926196
title__facebook,0.00038786928
title__data,0.0003875433
title__as we,0.00038709355
title__funny,0.00038643673
title__what,0.0003834656
title__like,0.00038278455
title__subscribe to,0.00038226656
title__no,0.00038137357
upload_hour,0.00038120933
title__news today,0.00037925006
title__in hindi,0.00037736815
title__here https,0.00037697918
title__tv,0.00037607967
title__06,0.00037572795
title__playlist https,0.0003752226
title__bit ly,0.00037370285
title__shorts,0.00037155114
title__learn more,0.00037041874
title__different,0.0003698042
title__khan,0.00036959138
title__support,0.00036954775
title__act,0.0003687031
title__rap,0.00036749063
title__solo,0.00036746124
title__in,0.00036590768
title__associate,0.0003647538
title__video comedy,0.0003638116
title__friends,0.0003635672
title__where,0.0003624687
title__shorts youtubeshorts,0.0003602749
title__ki comedy,0.00035968504
title__real estate,0.0003589389
title__t,0.00035792319
title__09,0.0003570883
title__dubai,0.00035329402
title__from,0.0003531509
title__watch,0.00035177384
title__exam,0.00035095273
title__camera,0.0003499936
title__why,0.00034987723
title__creator,0.00034956232
title__cricket,0.00034917265
title__android,0.00034891255
title__kids,0.00034671757
title__video,0.00034661836
title__very,0.0003461892
desc_length,0.00034593997
title__https link,0.000345391
title__challenge,0.00034472466
title__every,0.00034342034
title__national,0.00034295526
title__fans,0.00034213022
title__welcome,0.00034065708
title__io,0.00034046936
title__mix,0.00033989223
title__song,0.0003385186
title__month,0.00033824914
title__additional,0.0003367183
title__estate,0.0003363718
title__everywhere,0.00033530404
title__ideas,0.00033346878
title__audience,0.00033276196
title__3,0.0003326052
title__bollywood,0.000332534
title__magic,0.00033221507
title__and,0.00032888714
title__webull,0.00032816365
title__gutfeld,0.00032770695
title__dude,0.00032698145
title__on the,0.00032608214
title__ff,0.00032344178
title__when,0.00032286518
title__win,0.0003195396
title__clip,0.00031613404
title__produced,0.00031588963
title__anand,0.0003145016
title__epidemicsound,0.00031275416
title__finally,0.00031114314
title__twitter,0.00031077312
title__bulletin,0.00031073866
title__boy,0.00031070304
title__shop,0.00030867785
title__fan,0.000308001
title__but,0.00030797097
title__to,0.00030775784
title__और,0.00030709401
title__coverage,0.00030605058
title__apple,0.0003057262
title__brian,0.00030480232
title__best,0.00030443596
title__gta 5,0.00030364763
title__on youtube,0.00030317312
title__https twitter,0.00030295513
title__studios,0.00030256558
title__র স,0.00030159217
title__nba,0.00030078494
title__shortvideo,0.0002993414
title__down,0.00029894634
title__new,0.00029784412
title__take,0.00029751152
title__going,0.00029715174
title__live news,0.00029711466
title__and more,0.00029532932
title__across,0.0002953048
title__tour,0.00029521875
title__government,0.00029518662
title__gmail,0.00029491357
title__exams,0.00029454997
title__https www,0.00029332144
title__discount,0.00029305994
title__entertainment,0.0002926278
title__is,0.00029243508
title__the,0.0002894515
title__व,0.0002893977
title__attitude,0.00028824137
title__व ल,0.0002881723
title__breaking news,0.00028804733
title__earn,0.00028799602
title__watch on,0.00028797725
title__an,0.00028655547
title__finance investing,0.000285888
title__nextadmit com,0.00028442618
title__school,0.00028335635
title__real,0.00028334412
title__ও,0.00028305553
title__during,0.00028215852
title__a lot,0.00028142746
title__home,0.00028059576
title__follow me,0.0002798575
title__edit,0.0002796351
title__is available,0.00027791053
title__water,0.0002773236
title__top 3,0.0002769772
title__2,0.0002750733
title__ल,0.00027463026
title__s most,0.00027447246
title__views,0.00027440113
title__country,0.00027428026
title__for,0.0002733673
title__controller,0.00027224584
title__editing,0.0002715689
title__5,0.00027115515
title__are,0.00027011038
title__rich,0.00026948846
title__music 2025,0.0002686318
title__become,0.0002685144
title__keyboard,0.00026779313
title__digital,0.00026730105
title__perfect,0.00026694682
title__in this,0.00026633902
title__1,0.000265552
title__stories,0.00026508022
title__new york,0.00026410606
title__media,0.00026391476
title__direction,0.00026364718
title__vlogger,0.00026311673
title__want,0.0002628249
title__juice,0.00026275133
title__possible,0.00026244833
title__out,0.00026232342
title__that s,0.0002612757
title__voice,0.00026003152
title__collection,0.00025973332
title__from the,0.00025966513
title__news headlines,0.00025893498
title__total,0.00025864958
title__violin,0.000258383
title__writer,0.00025778826
title__behind,0.0002577828
title__famous,0.00025731552
title__teaser,0.00025717056
title__investments,0.00025621674
title__platforms,0.0002560134
title__র খবর,0.00025516903
title__one,0.00025421265
title__त ज,0.00025418669
title__athletics,0.00025356113
title__open,0.00025331642
title__number,0.00025304907
title__107 of,0.0002528611
title__funnyvideo,0.00025278714
title__club,0.00025268743
title__girls,0.00025255492
title__খবর,0.00025245675
title__easy,0.00025234747
title__war,0.00025202034
title__india,0.00025187837
title__ai,0.0002501715
title__production,0.00025004966
title__click,0.0002497661
title__project,0.00024914017
title__china,0.000248783
title__com in,0.00024848874
title__video is,0.0002475141
title__gamers,0.0002473879
title__pradeep,0.00024683916
title__ki,0.00024674073
title__2 trailer,0.00024653325
title__chinese,0.000245903
title__sky,0.00024535687
title__simple,0.0002450167
title__8,0.00024350203
title__world,0.00024316486
title__updates,0.00024307147
title__youtubeshorts,0.00024288236
title__show,0.000242569
title__united,0.00024253782
title__shorts viral,0.00024221624
title__police,0.00024029377
title__got,0.00024000455
title__escape,0.00023960111
title__knowledge,0.00023887143
title__it s,0.00023886446
title__and i,0.00023877736
title__first,0.00023810187
title__test,0.00023769714
title__lnk,0.00023754884
title__executive,0.00023721253
title__some,0.00023716618
title__pakistani,0.0002369982
title__http,0.0002369861
title__on,0.00023689856
title__american,0.00023650329
title__place,0.00023647622
title__sub_confirmation,0.00023586985
title__subscribe for,0.00023584235
title__our,0.00023549913
title__content,0.00023546853
title__on tiktok,0.0002348048
title__finance,0.0002345867
title__bay,0.00023454856
title__comment,0.000234361
title__skills,0.000233804
title__available,0.0002325083
title__world s,0.00023025187
title__www youtube,0.00023013934
title__twitter https,0.0002285857
title__fox,0.00022746941
title__form,0.00022704992
title__album,0.0002250803
title__শ র,0.00022480793
title__all,0.00022413497
title__ll,0.00022403095
title__challenges,0.00022211325
title__basketball,0.00022159277
title__cloud,0.00022158392
title__bad,0.00022059167
title__if you,0.00022021086
title__comedy shorts,0.00022012461
title__funny comedy,0.00021966819
title__days,0.00021899256
title__political,0.00021872025
title__a,0.00021613324
title__ytshorts,0.00021551937
title__2025 new,0.00021541974
title__pop,0.00021534417
title__big,0.00021488039
title__for entertainment,0.0002145979
title__107,0.00021442432
title__short,0.00021418212
title__us on,0.00021385399
title__only,0.00021367327
title__again,0.00021350983
title__about,0.00021325471
title__on instagram,0.00021269395
title__ई,0.00021260513
title__watch v,0.0002124259
title__may,0.00021217861
title__team,0.00021188194
title__story,0.000211696
title__language,0.00021136153
title__train,0.000211298
title__keep,0.00021065294
title__i am,0.00020988626
title__app,0.00020981285
title__x,0.00020877071
title__http bit,0.00020830934
title__live today,0.00020780343
title__fund,0.00020751895
title__any,0.00020704333
title__18,0.00020620048
title__on a,0.00020545923
title__change,0.0002053667
title__connect with,0.00020535775
title__ka,0.00020496662
title__course,0.00020464185
title__series,0.00020420973
title__channel,0.0002042002
title__years,0.0002040006
title__steps,0.00020257755
title__most,0.00020177204
title__him,0.0002009714
title__happy,0.00020039492
title__minecraft,0.00019986389
title__for beginners,0.0001995006
title__god,0.00019906678
title__before,0.00019855451
title__ultimate,0.00019835081
title__be,0.00019752844
title__unique,0.0001969773
title__offers,0.00019695012
title__being,0.00019600856
title__zee,0.00019390737
title__italy,0.00019380618
title__user,0.00019304993
title__discord gg,0.0001926792
title__trendingnews,0.00019264869
title__arun,0.00019234246
title__now,0.00019143426
upload_month,0.00019005848
title__purpose,0.00018966556
title__র ম,0.00018707609
title__something,0.00018687187
title__trip to,0.00018606937
title__000,0.00018547634
title__playlist,0.0001849243
title__premium,0.00018480608
title__highlights,0.00018362458
title__instagram http,0.00018362064
title__disclaimer,0.00018234596
title__2024,0.00018183989
title__fast,0.00018140799
title__funny video,0.00018122184
title__granny,0.00018069179
title__is a,0.00017963586
title__on social,0.0001787448
upload_dow,0.00017803474
title__experience,0.0001779654
title__you for,0.00017760528
title__access,0.00017742574
title__shopping,0.00017719451
title__watching,0.00017696829
title__trending viral,0.00017651582
title__knight,0.0001756295
title__new movie,0.00017448113
title__note,0.00017425044
title__watters primetime,0.00017326884
title__30,0.00017218081
title__korea,0.00017214779
title__up,0.00017191548
title__4,0.00017182856
title__other,0.00017074708
title__deewane,0.00017035838
title__morning,0.00017025738
title__or,0.00016940568
title__x https,0.0001691288
title__is an,0.000168201
title__can,0.00016787996
title__by the,0.00016673129
title__america,0.00016386627
title__taipei,0.00016365407
title__access to,0.00016322492
title__sport,0.00016319721
title__beginners,0.00016127285
title__desi,0.00016113356
title__yourself,0.0001610451
title__class,0.00016089037
title__di,0.00016026328
title__join my,0.00015964294
title__update,0.00015678718
title__com watch,0.00015665226
title__taiwan,0.00015638236
title__building,0.00015571168
title__beats,0.00015546136
title__they,0.00015511688
title__not,0.00015452478
title__son,0.00015444716
title__up comedy,0.00015401248
title__your money,0.0001535916
title__hit,0.00015322864
title__comedy videos,0.00015297528
title__podcasts,0.00015203524
title__life,0.00015193615
title__ever,0.00015137119
title__in the,0.00015057852
title__soccer,0.00015030024
title__website,0.00015000867
title__24,0.00014986025
title__player,0.0001498087
title__history,0.00014963288
title__genre,0.00014908626
title__original,0.0001488855
title__business inquiries,0.00014742909
title__subscribe and,0.00014691734
title__created,0.00014691088
title__stop,0.00014579731
title__because,0.00014499105
title__street,0.00014485525
title__youtube https,0.00014467782
title__intended,0.00014460858
title__help,0.00014438352
title__women,0.00014348087
title__stream,0.00014264627
title__corporation,0.00014197908
title__i ll,0.00014049788
title__its,0.00014033078
title__ve,0.000140151
title__follow us,0.00014004811
title__hidden,0.00013998269
title__yang,0.0001396456
title__washington,0.000139382
title__industry,0.00013889698
title__streaming,0.00013832422
title__bus,0.00013804097
title__trailers,0.00013772481
title__iphone,0.00013689045
title__for a,0.00013665498
title__us,0.00013597093
title__for the,0.00013571866
title__house,0.00013511661
title__vlogs,0.00013504305
title__aesthetic,0.00013466811
title__न क,0.00013459823
title__stock,0.00013459293
title__wait,0.00013396893
title__mirai movie,0.00013347113
title__क,0.00013319498
title__beautiful,0.00013259679
title__social media,0.0001324316
title__to make,0.00013187484
title__by,0.00013128782
title__at the,0.00013098463
title__of a,0.00013097623
title__company,0.00013087313
title__bihar,0.00012947961
title__well,0.00012945686
title__gameplay,0.0001291765
title__getting,0.00012910129
title__uk,0.00012894318
title__you re,0.00012876974
title__fun,0.00012843724
title__100,0.00012836116
title__vfx,0.00012821388
title__via,0.00012802785
title__trailer new,0.00012773642
title__funny shorts,0.0001277058
title__dance,0.00012670968
title__hbo,0.00012661653
title__young,0.0001263479
title__donald trump,0.00012606615
title__disclaimer this,0.00012581979
title__social,0.00012542101
title__com channel,0.00012519331
title__cinema,0.00012498822
title__thank,0.00012453897
title__demo,0.00012427785
title__tricks,0.00012426695
title__oct,0.0001240108
title__out now,0.00012334777
title__p,0.0001229606
title__south,0.00012246892
title__policy,0.00012230843
title__this video,0.00012217955
title__analysis,0.0001221151
title__etf,0.000121940255
title__watch more,0.00012170228
title__might,0.00012147778
title__village,0.0001209992
title__end,0.00012056165
title__tamil,0.000120174256
title__ச,0.000120027296
title__sign,0.00011966127
title__manoj,0.00011920773
title__techno gamerz,0.00011871987
title__including,0.00011871195
title__invest,0.0001182883
title__the first,0.00011823939
title__professional,0.00011768688
title__post,0.00011642247
title__ব ল,0.00011612917
title__me on,0.00011589234
title__re,0.000115693685
title__on facebook,0.000115611976
title__used,0.00011521274
title__much,0.00011505336
title__mobile,0.00011475743
title__ep,0.00011446876
title__17,0.00011417062
title__find,0.00011405888
title__grand,0.00011403923
title__also,0.000113831935
title__others,0.00011381834
title__2023,0.00011351396
title__03,0.00011340373
title__below,0.000112852365
title__singer,0.000112772956
title__these,0.00011254725
title__15,0.00011246579
title__whether,0.00011191041
title__this channel,0.00011100404
title__try,0.00011096982
title__id,0.000110451954
title__guide,0.00011032519
title__news tamil,0.000110003835
title__designer,0.000109696004
title__स,0.00010954482
title__baby,0.00010936087
title__making,0.000109128545
title__star,0.00010894177
title__halloween,0.0001088083
title__philippines,0.00010837218
title__group,0.00010793317
title__য,0.000107775435
title__jesse,0.00010776698
title__career,0.00010728187
title__owned,0.00010709356
title__over,0.000106790685
title__ख,0.000106602
title__basic,0.00010650763
title__stocks,0.000106398635
title__ghost,0.00010557855
title__places,0.00010413309
title__essay,0.0001041299
title__d,0.00010378478
title__chief,0.000103465216
title__ম,0.00010238902
title__bank,0.00010193148
title__00 intro,0.000101869395
title__connect,0.00010169646
title__links,0.000101227255
title__were,0.0001009952
title__system,0.00010077954
title__on twitter,0.000100500256
title__everyone,0.00010047563
title__45,0.00010042041
title__facebook https,0.000100325095
title__better,9.938044e-05
title__tennis,9.919937e-05
title__samsung,9.917644e-05
title__traveling,9.9099976e-05
title__games,9.8971956e-05
title__facebook com,9.870395e-05
title__https discord,9.859745e-05
title__through the,9.852323e-05
title__hindi,9.8419776e-05
title__updates on,9.828968e-05
title__laptop,9.696361e-05
title__next,9.6571894e-05
title__dop,9.6273616e-05
title__ancient,9.619833e-05
title__arjun,9.615404e-05
title__performance,9.6124604e-05
title__boys,9.603734e-05
title__र म,9.571621e-05
title__sound,9.527137e-05
title__card,9.514854e-05
title__experiment,9.509075e-05
title__save,9.475743e-05
title__through,9.456758e-05
title__শ,9.454418e-05
title__please contact,9.41559e-05
title__melody,9.408074e-05
title__case,9.367574e-05
title__and global,9.332889e-05
title__price,9.277895e-05
title__track,9.255877e-05
title__network,9.197549e-05
title__you ll,9.195671e-05
title__date,9.1917864e-05
title__and share,9.172353e-05
title__o,9.146845e-05
title__2022,9.1316906e-05
title__white,9.075505e-05
title__mr,9.074439e-05
title__president,9.0566165e-05
title__gold,9.0251924e-05
title__as,8.9731526e-05
title__has,8.9695684e-05
title__nyc,8.946382e-05
title__now https,8.926573e-05
title__park,8.912071e-05
title__odia,8.893781e-05
title__is made,8.8706045e-05
title__viralvideo,8.8490146e-05
title__19,8.806682e-05
title__comments,8.747761e-05
title__official trailer,8.735599e-05
title__usa,8.650693e-05
title__hd,8.635248e-05
title__0,8.6322485e-05
title__mark,8.572157e-05
title__of my,8.549295e-05
title__family,8.525888e-05
title__trip,8.427113e-05
title__season,8.42213e-05
title__record,8.398226e-05
title__22,8.3655876e-05
title__gl,8.363906e-05
title__army,8.34854e-05
title__to the,8.327644e-05
title__horror,8.325158e-05
title__to invest,8.317631e-05
title__really,8.297319e-05
title__thanks,8.239516e-05
title__motivation,8.2321996e-05
title__anything,8.223031e-05
title__lanka,8.210448e-05
title__express,8.183625e-05
title__s number,8.181585e-05
title__mutual funds,8.070867e-05
title__instagram https,8.029705e-05
title__returns,7.9528196e-05
title__6,7.891893e-05
title__search,7.8644625e-05
title__technologia,7.858772e-05
title__running,7.85224e-05
title__com follow,7.8497294e-05
title__question,7.8176956e-05
title__त,7.807605e-05
title__coverage of,7.778197e-05
title__phonk,7.7653785e-05
title__video viral,7.764334e-05
title__www tiktok,7.731794e-05
title__k,7.7031626e-05
title__license,7.679441e-05
title__design,7.631619e-05
title__politics,7.596873e-05
title__on my,7.584349e-05
title__super,7.57399e-05
title__like to,7.57208e-05
title__explore,7.563662e-05
title__server,7.5569136e-05
title__aaj,7.5046846e-05
title__techno,7.48051e-05
title__sign up,7.46261e-05
title__top 5,7.458381e-05
title__advisor,7.456954e-05
title__pakistan news,7.444677e-05
title__mrwhosetheboss,7.42464e-05
title__channels,7.422275e-05
title__international,7.354961e-05
title__26,7.3449446e-05
title__photography,7.342834e-05
title__innovation,7.320161e-05
title__did,7.29457e-05
title__animated,7.281073e-05
title__movie review,7.2279414e-05
title__scenes,7.206452e-05
title__500,7.1875744e-05
title__investing in,7.178675e-05
title__29,7.173552e-05
title__contact,7.131963e-05
title__is the,7.125896e-05
title__babu,7.1166505e-05
title__গ,7.1124305e-05
title__piano,7.109469e-05
title__द व,7.101092e-05
title__espn,7.0703405e-05
title__shorts shorts,7.066827e-05
title__part,7.0480775e-05
title__gaming room,6.99572e-05
title__for all,6.991258e-05
title__done,6.956351e-05
title__s p,6.886961e-05
title__i d,6.8287714e-05
title__reserved,6.8208654e-05
title__method,6.805618e-05
title__power,6.787985e-05
title__programming,6.7415735e-05
title__geo news,6.703761e-05
title__topics,6.7009096e-05
title__october,6.6748245e-05
title__training,6.650195e-05
title__if,6.646631e-05
title__asia,6.634982e-05
title__gamerz,6.575206e-05
title__बर,6.5487664e-05
title__air,6.54777e-05
title__paid,6.525303e-05
title__a wide,6.514378e-05
title__you should,6.500495e-05
title__co,6.494739e-05
title__income,6.49379e-05
title__score,6.455991e-05
title__starring,6.4320564e-05
title__types,6.41497e-05
title__james,6.38776e-05
title__will,6.3749496e-05
title__science,6.361351e-05
title__love song,6.341464e-05
title__sonakshi,6.332873e-05
title__twitter http,6.328868e-05
title__car,6.3284235e-05
title__https open,6.209653e-05
title__fi,6.2065876e-05
title__prime,6.193785e-05
title__7,6.170743e-05
title__action,6.1492734e-05
title__ल ए,6.1418585e-05
title__sip,6.141801e-05
title__দ র,6.105068e-05
title__n,6.0992013e-05
title__update news,6.0963717e-05
title__thing,6.0576866e-05
title__bangladesh,6.0172402e-05
title__setup,6.00538e-05
title__open spotify,6.0048853e-05
title__strong,6.0045826e-05
title__reel,5.9663005e-05
title__shorts comedy,5.956286e-05
title__cash,5.928505e-05
title__2026,5.897666e-05
title__to my,5.882657e-05
title__how i,5.8570233e-05
title__girl,5.845705e-05
title__trading,5.84283e-05
title__final,5.8253496e-05
title__talk,5.8239577e-05
title__55,5.8174468e-05
title__producers,5.807802e-05
title__on our,5.7161316e-05
title__deewane ki,5.7113582e-05
title__marvel,5.67471e-05
title__the latest,5.6207136e-05
title__to buy,5.6084315e-05
title__স ব,5.5681874e-05
title__rules,5.547682e-05
title__all of,5.545175e-05
title__cover,5.5285203e-05
title__pass,5.5057837e-05
title__music by,5.4788365e-05
title__produced by,5.4762448e-05
title__gaming setup,5.471958e-05
title__inside,5.4484753e-05
title__crazy,5.3260537e-05
title__to learn,5.3121443e-05
title__relaxing,5.2844498e-05
title__র,5.2222982e-05
title__women s,5.2203897e-05
title__biggest,5.216779e-05
title__dividend,5.2031915e-05
title__think,5.1542826e-05
title__night,5.078971e-05
title__cool,5.0625127e-05
title__ব দ,5.0410094e-05
title__legal,5.0387476e-05
title__lahore,5.0212653e-05
title__youtu,5.0074083e-05
title__ভ,4.991884e-05
title__paris,4.9808186e-05
title__inquiries,4.94145e-05
title__ছ,4.9281847e-05
title__pakistan,4.8392863e-05
title__म ड,4.8038877e-05
title__sports news,4.792152e-05
title__the end,4.7840153e-05
title__copyright,4.780324e-05
title__need,4.780315e-05
title__pa,4.767448e-05
title__the most,4.750761e-05
title__have,4.693576e-05
title__control,4.662153e-05
title__website http,4.659085e-05
title__trap,4.6482946e-05
title__dc,4.624594e-05
title__not to,4.6076468e-05
title__moments,4.6061312e-05
title__in my,4.599446e-05
title__প,4.5842502e-05
title__प र,4.567325e-05
title__sounds,4.5598343e-05
title__and a,4.5218367e-05
title__etfs,4.515043e-05
title__your own,4.5130382e-05
title__fails,4.4973236e-05
title__algebra,4.443298e-05
title__new comedy,4.4225646e-05
title__new song,4.418282e-05
title__ब,4.377042e-05
title__intro,4.3655535e-05
title__does,4.337341e-05
title__john,4.3092692e-05
title__own,4.2708638e-05
title__rock,4.2599684e-05
title__term,4.258428e-05
title__50,4.2274696e-05
title__travel video,4.2266714e-05
title__trick,4.223627e-05
title__hits,4.2066105e-05
title__king,4.2001666e-05
title__growth,4.1504903e-05
title__newsletter,4.0900235e-05
title__in a,4.0636434e-05
title__telugu,3.9711398e-05
title__you want,3.9595005e-05
title__b,3.9386676e-05
title__দ শ,3.9231763e-05
title__paramount,3.9027345e-05
title__com user,3.87651e-05
title__europe,3.8420392e-05
title__space,3.8309936e-05
title__enjoy,3.8170052e-05
title__travelling,3.815784e-05
title__2nd,3.7920683e-05
title__road,3.7911588e-05
title__mutual,3.7316273e-05
title__include,3.7312388e-05
title__stars,3.7045258e-05
title__de,3.704041e-05
title__red,3.6843318e-05
title__scott,3.6745976e-05
title__se,3.6712245e-05
title__the best,3.6701473e-05
title__इस,3.6520607e-05
title__kapoor,3.6510646e-05
title__य,3.64352e-05
title__financial advice,3.608832e-05
title__fall,3.6080208e-05
title__entertainment purposes,3.5696034e-05
title__python,3.550779e-05
title__ig,3.5499907e-05
title__02,3.5119196e-05
title__hunters,3.5093028e-05
title__edited,3.485907e-05
title__since,3.4854686e-05
title__following,3.4629964e-05
title__and field,3.4624063e-05
title__05,3.4614633e-05
title__would,3.448415e-05
title__ট,3.445393e-05
title__bass,3.438051e-05
title__com playlist,3.4352255e-05
title__prakash,3.392186e-05
title__powerful,3.3701694e-05
title__epidemic,3.3555712e-05
title__mlb,3.3295124e-05
title__singapore,3.3139255e-05
title__20,3.312787e-05
title__donald,3.3080818e-05
title__publicity,3.296389e-05
title__प,3.2859447e-05
title__ice,3.2659587e-05
title__derby,3.2643617e-05
title__with a,3.2541477e-05
title__hiru,3.2540225e-05
title__learning,3.250943e-05
title__11,3.231319e-05
title__utm_source youtube,3.182398e-05
title__can t,3.1489002e-05
title__que,3.1338204e-05
title__services,3.1310057e-05
title__utm_campaign,3.125219e-05
title__championships,3.092301e-05
title__interviews,3.0235125e-05
title__in your,3.0155856e-05
title__launch,3.0144001e-05
title__advanced,2.9957986e-05
title__but i,2.9908279e-05
title__hbo max,2.97348e-05
title__made,2.9733375e-05
title__states,2.9636985e-05
title__afghan,2.923453e-05
title__pakistan and,2.919928e-05
title__2020,2.9076033e-05
title__face,2.8817922e-05
title__in 2025,2.8779534e-05
title__bike,2.8391494e-05
title__con,2.8244483e-05
title__ন র,2.8232704e-05
title__ট র,2.79569e-05
title__kerala,2.7812579e-05
title__latestnews,2.7765554e-05
title__affairs,2.7640246e-05
title__web,2.742823e-05
title__our website,2.7123391e-05
title__channel https,2.706986e-05
title__turn,2.6990096e-05
title__reading,2.6865815e-05
title__here to,2.6712152e-05
title__comedy video,2.6642985e-05
title__news channel,2.652533e-05
title__angle,2.6437101e-05
title__depth,2.6337539e-05
title__nfl,2.631164e-05
title__as well,2.6186e-05
title__takes,2.6091548e-05
title__baseball,2.6075786e-05
title__jokes,2.6008569e-05
title__bali,2.5922503e-05
title__stay connected,2.5787469e-05
title__ত,2.5743293e-05
title__w,2.5730518e-05
title__v,2.5699943e-05
title__ben,2.5644642e-05
title__primetime,2.5172812e-05
title__last,2.4899684e-05
title__ল,2.449959e-05
title__1st,2.4390625e-05
title__news breaking,2.431337e-05
title__ethiopian,2.4051275e-05
title__12,2.401045e-05
title__la,2.3954486e-05
title__into the,2.3630988e-05
title__uefa,2.3584642e-05
title__advice,2.353264e-05
title__wealth,2.3512437e-05
title__must,2.3460618e-05
title__could,2.3385794e-05
title__portfolio,2.3253773e-05
title__anil,2.3022854e-05
title__bangla,2.298386e-05
title__beat,2.2945998e-05
title__2000,2.24816e-05
title__দ,2.2353723e-05
title__ন,2.2260381e-05
title__pm,2.2106786e-05
title__https youtube,2.1625601e-05
title__14,2.1460259e-05
title__28,2.1278089e-05
title__protest,2.1229438e-05
title__reels,2.115392e-05
title__g,2.0812495e-05
title__truck,2.0437115e-05
title__news and,1.9851232e-05
title__discover,1.9821278e-05
title__airport,1.9434623e-05
title__index,1.9393285e-05
title__netflix,1.9040435e-05
title__off,1.8999563e-05
title__0 00,1.8936913e-05
title__atm,1.8527504e-05
title__क म,1.8003084e-05
title__worldathletics follow,1.7993809e-05
title__bhojpuri,1.7916793e-05
title__द,1.7729286e-05
title__https x,1.7456616e-05
title__kumar,1.6861033e-05
title__mukesh,1.6667625e-05
title__about the,1.6617638e-05
title__royal,1.6542665e-05
title__org,1.646127e-05
title__35,1.6443166e-05
title__both,1.6162629e-05
title__51,1.6091655e-05
title__complete,1.5464706e-05
title__16,1.5428388e-05
title__upcoming,1.50839205e-05
title__2 movie,1.4990068e-05
title__pakistannews,1.4801982e-05
title__http www,1.4686466e-05
title__write,1.4613374e-05
title__40,1.4548698e-05
title__assistant,1.4394289e-05
title__wide,1.4226211e-05
title__for your,1.4089213e-05
title__educational,1.36140325e-05
title__questions,1.3561955e-05
title__cp,1.35209775e-05
title__east,1.34652355e-05
title__square,1.313938e-05
title__tlp,1.28732445e-05
title__receive,1.2363364e-05
title__call,1.2318434e-05
title__with your,1.2288642e-05
title__lake,1.2259475e-05
title__sporting,1.21746525e-05
title__with the,1.2123256e-05
title__still,1.2015674e-05
title__ক র,1.1927022e-05
title__তর,1.1926646e-05
title__र,1.1825997e-05
title__what i,1.1540061e-05
title__child,1.1210633e-05
title__don t,1.1062223e-05
title__gg,1.1059086e-05
title__among,1.1049517e-05
title__2025 top,1.0952625e-05
title__to our,1.0686809e-05
title__hindi movie,1.0586779e-05
title__53,1.0550025e-05
title__21,1.0539207e-05
title__and subscribe,1.0418467e-05
title__been,1.03717975e-05
title__funds,1.0240483e-05
title__miss,9.774717e-06
title__little,9.735872e-06
title__39,9.605349e-06
title__goals,9.2779555e-06
title__cafe,8.987079e-06
title__and entertainment,8.957199e-06
title__early,8.86384e-06
title__13,8.67363e-06
title__all the,8.58625e-06
title__nbc,8.432955e-06
title__interest,8.392657e-06
title__liverpool,7.7519635e-06
title__side,7.5685593e-06
title__feel,7.539956e-06
title__make sure,7.5392213e-06
title__above,7.029752e-06
title__do not,7.0161936e-06
title__youtube channel,7.002087e-06
title__ക ക,6.742924e-06
title__ল স,6.699525e-06
title__क र,6.6128428e-06
title__modi,6.491238e-06
title__crime,6.1246396e-06
title__am,6.0829047e-06
title__ain,6.0750667e-06
title__quality,5.6643694e-06
title__profit,5.5928776e-06
title__week,5.537157e-06
title__movie 2025,5.253525e-06
title__affiliate links,5.1824627e-06
title__you to,5.0367908e-06
title__mathematics,5.0270723e-06
title__36,4.7752023e-06
title__non,4.5291044e-06
title__speech,4.4476947e-06
title__न,4.2290158e-06
title__heart,4.213956e-06
title__38,4.1380813e-06
title__00 00,4.0948216e-06
title__went,3.9944584e-06
title__4th,3.751299e-06
title__investor,3.6318047e-06
title__diy,3.459533e-06
title__breakingnews,3.2417072e-06
title__within,3.2237408e-06
title__shot,2.8935551e-06
title__keshav,2.8781487e-06
title__reach,2.8220832e-06
title__based,2.7046378e-06
title__join the,2.5081588e-06
title__court,2.4330361e-06
title__beauty,2.400086e-06
title__malayalam,2.2494987e-06
title__nepal,2.1846472e-06
title__division,2.1490455e-06
title__along,2.1205478e-06
title__leader,2.101077e-06
title__basics,2.0116977e-06
title__move,1.8213411e-06
title__members,1.8165856e-06
title__news nirbachon,1.7192078e-06
title__the fair,0.0
title__thanks for,0.0
title__that i,0.0
title__the biggest,0.0
title__and accountability,0.0
title__the link,0.0
title__the five,0.0
title__that law,0.0
title__the future,0.0
title__the heart,0.0
title__the content,0.0
title__amzn to,0.0
title__the country,0.0
title__that might,0.0
title__the links,0.0
title__the balance,0.0
title__than,0.0
title__ter li,0.0
title__the day,0.0
title__and beyond,0.0
title__an important,0.0
title__the official,0.0
title__terms,0.0
title__the bell,0.0
title__the next,0.0
title__the copyright,0.0
title__the electronic,0.0
title__thailand,0.0
title__the nation,0.0
title__ter,0.0
title__the ethos,0.0
title__electronic media,0.0
title__ten,0.0
title__specific,0.0
title__sports https,0.0
title__sports group,0.0
title__sports business,0.0
title__spirit,0.0
title__around the,0.0
title__specific authorization,0.0
title__special report,0.0
title__sports sports,0.0
title__arsenal,0.0
title__sources of,0.0
title__sources,0.0
title__source for,0.0
title__source,0.0
title__sony,0.0
title__sports on,0.0
title__are the,0.0
title__songs 2025,0.0
title__app goo,0.0
title__statute that,0.0
title__statute,0.0
title__status video,0.0
title__status,0.0
title__stature as,0.0
title__stature,0.0
title__app https,0.0
title__spotify https,0.0
title__apply,0.0
title__apps,0.0
title__sri lanka,0.0
title__sri,0.0
title__squad,0.0
title__sprunki,0.0
title__songs ii,0.0
title__artificial intelligence,0.0
title__temple,0.0
title__shows,0.0
title__simulator,0.0
title__simplilearn,0.0
title__sigma,0.0
title__atn,0.0
title__shrestha,0.0
title__shows the,0.0
title__show https,0.0
title__sinha,0.0
title__atn atnbangla,0.0
title__should,0.0
title__atn bangla,0.0
title__shortsvideo,0.0
title__atn google,0.0
title__atn khobor,0.0
title__singers,0.0
title__skate,0.0
title__sonakshi sinha,0.0
title__sohail,0.0
title__some of,0.0
title__some copyrighted,0.0
title__as criticism,0.0
title__solidifying its,0.0
title__solidifying,0.0
title__sohail afridi,0.0
title__as described,0.0
title__asian,0.0
title__as one,0.0
title__so you,0.0
title__so i,0.0
title__as the,0.0
title__smart,0.0
title__sky sports,0.0
title__stay tuned,0.0
title__stem,0.0
title__step,0.0
title__tags,0.0
title__tamil nadu,0.0
title__talkshow,0.0
title__taken,0.0
title__and hit,0.0
title__tak,0.0
title__taja,0.0
title__tableau,0.0
title__tax,0.0
title__table,0.0
title__t sports,0.0
title__and is,0.0
title__t me,0.0
title__t forget,0.0
title__and many,0.0
title__tamil news,0.0
title__te,0.0
title__step by,0.0
title__and current,0.0
title__tell,0.0
title__television news,0.0
title__television network,0.0
title__television channel,0.0
title__and chapter,0.0
title__telegram https,0.0
title__teja,0.0
title__teacher,0.0
title__technology trends,0.0
title__technologies,0.0
title__teams,0.0
title__teaching scholarship,0.0
title__teaching,0.0
title__teachers,0.0
title__sydney,0.0
title__sweetnotes,0.0
title__survey,0.0
title__strategy,0.0
title__ankur warikoo,0.0
title__studio,0.0
title__students,0.0
title__student,0.0
title__streaming today,0.0
title__the owner,0.0
title__strategies,0.0
title__sure you,0.0
title__storm,0.0
title__ankurwarikoo,0.0
title__store ramseysolutions,0.0
title__ankurwarikoo com,0.0
title__stocks to,0.0
title__anyone,0.0
title__style,0.0
title__sub_confirmation 1,0.0
title__and you,0.0
title__subscribe https,0.0
title__and top,0.0
title__subscribe us,0.0
title__subscribing,0.0
title__such,0.0
title__such as,0.0
title__sudheer,0.0
title__sudheer babu,0.0
title__sun,0.0
title__super hit,0.0
title__support the,0.0
title__suraj,0.0
title__suraj rox,0.0
title__and research,0.0
title__the original,0.0
title__update bd,0.0
title__the premier,0.0
title__you don,0.0
title__you are,0.0
title__2019,0.0
title__yo,0.0
title__year 2000,0.0
title__2021,0.0
title__ya,0.0
title__y,0.0
title__x com,0.0
title__www twitter,0.0
title__www threads,0.0
title__www patreon,0.0
title__www nbcsports,0.0
title__www linkedin,0.0
title__www geo,0.0
title__www foxnews,0.0
title__2025 jamuna,0.0
title__www amazon,0.0
title__2025 today,0.0
title__wrld type,0.0
title__wrld,0.0
title__written,0.0
title__2017,0.0
title__you have,0.0
title__worldwide,0.0
title__you need,0.0
title__च र,0.0
title__च नल,0.0
title__च,0.0
title__ग न,0.0
title__खबर,0.0
title__कर,0.0
title__क स,0.0
title__क ल,0.0
title__ए,0.0
title__आज क,0.0
title__आज,0.0
title__zombies,0.0
title__yt3,0.0
title__1976,0.0
title__youtube trending,0.0
title__youtu be,0.0
title__2000 law,0.0
title__2000 of,0.0
title__you wish,0.0
title__you will,0.0
title__you the,0.0
title__worth,0.0
title__worldnews,0.0
title__13 section,0.0
title__when you,0.0
title__whatsapp https,0.0
title__whatsapp com,0.0
title__3 best,0.0
title__what s,0.0
title__what is,0.0
title__32,0.0
title__well as,0.0
title__welcome to,0.0
title__33,0.0
title__weekly,0.0
title__website https,0.0
title__website for,0.0
title__weatherupdate,0.0
title__weather,0.0
title__we re,0.0
title__we ll,0.0
title__we are,0.0
title__36 and,0.0
title__37,0.0
title__watters,0.0
title__3rdno5j,0.0
title__whatsapp status,0.0
title__where to,0.0
title__worldathletics,0.0
title__whether you,0.0
title__world of,0.0
title__world news,0.0
title__world athletics,0.0
title__works,0.0
title__word,0.0
title__won,0.0
title__without specific,0.0
title__without,0.0
title__within pakistan,0.0
title__24 7,0.0
title__with us,0.0
title__24 hour,0.0
title__with an,0.0
title__24x7,0.0
title__wish to,0.0
title__wish,0.0
title__winter,0.0
title__will be,0.0
title__27,0.0
title__while,0.0
title__28 of,0.0
title__ज,0.0
title__ठ,0.0
title__the stock,0.0
title__ഗ,0.0
title__য়,0.0
title__হ,0.0
title__সব,0.0
title__সক ল,0.0
title__সক,0.0
title__স,0.0
title__ষ,0.0
title__ল র,0.0
title__র সক,0.0
title__র র,0.0
title__র ব,0.0
title__র দ,0.0
title__র ত,0.0
title__র জন,0.0
title__র ক,0.0
title__যম ন,0.0
title__যম,0.0
title__ব চন,0.0
title__ব,0.0
title__প র,0.0
title__ন ন,0.0
title__ക,0.0
title__ച,0.0
title__ন উজ,0.0
title__ട,0.0
title__မ,0.0
title__ပ,0.0
title__හ,0.0
title__ස,0.0
title__ව,0.0
title__ර,0.0
title__ප,0.0
title__න,0.0
title__ත,0.0
title__ට,0.0
title__സ,0.0
title__വ,0.0
title__ല,0.0
title__റ,0.0
title__ര,0.0
title__യ,0.0
title__മ,0.0
title__പ,0.0
title__ന,0.0
title__ത,0.0
title__ട ട,0.0
title__ন ট,0.0
title__ধ,0.0
title__ड,0.0
title__हम,0.0
title__सम,0.0
title__स क,0.0
title__ष,0.0
title__श,0.0
title__04,0.0
title__व ड,0.0
title__लत,0.0
title__1 news,0.0
title__10 2025,0.0
title__र क,0.0
title__म ख,0.0
title__म,0.0
title__भ,0.0
title__बड,0.0
title__पर,0.0
title__नल,0.0
title__न य,0.0
title__द र,0.0
title__द ख,0.0
title__णव,0.0
title__ड य,0.0
title__सम च,0.0
title__हर,0.0
title__দ news,0.0
title__আজক,0.0
title__থ,0.0
title__ত র,0.0
title__ড,0.0
title__ট ভ,0.0
title__জন,0.0
title__চন,0.0
title__চ,0.0
title__খবর ন,0.0
title__খবর আজক,0.0
title__খবর jamuna,0.0
title__খ,0.0
title__কস ন,0.0
title__কস,0.0
title__কর,0.0
title__এন ব,0.0
title__এন,0.0
title__এট এন,0.0
title__এট,0.0
title__উজ,0.0
title__ই,0.0
title__আজক র,0.0
title__3rdno5j watch,0.0
title__watch geo,0.0
title__watch full,0.0
title__trending news,0.0
title__accountability lies,0.0
title__acoustic,0.0
title__act 1976,0.0
title__act 2000,0.0
title__transparency and,0.0
title__transparency,0.0
title__trailers 2025,0.0
title__activities,0.0
title__track and,0.0
title__actually,0.0
title__tourist,0.0
title__ad,0.0
title__touch,0.0
title__topnews,0.0
title__top notch,0.0
title__top news,0.0
title__tools,0.0
title__tonight,0.0
title__tokyo,0.0
title__tok,0.0
title__together,0.0
title__accountability,0.0
title__account,0.0
title__today news,0.0
title__according to,0.0
title__twitter eng,0.0
title__abp,0.0
title__twist,0.0
title__tv twitter,0.0
title__tv news,0.0
title__tv live,0.0
title__tv jamuna,0.0
title__tv geo,0.0
title__tv channel,0.0
title__tutorials,0.0
title__tutorial for,0.0
title__tuned,0.0
title__trying,0.0
title__try not,0.0
title__trusted sources,0.0
title__trusted source,0.0
title__trusted,0.0
title__accident,0.0
title__according,0.0
title__trends,0.0
title__trendingvideo,0.0
title__todaynews,0.0
title__today nepali,0.0
title__was the,0.0
title__ajker khobor,0.0
title__times,0.0
title__aku,0.0
title__al,0.0
title__alerts,0.0
title__alerts https,0.0
title__tik tok,0.0
title__tik,0.0
title__algorithms,0.0
title__three,0.0
title__threads net,0.0
title__threads,0.0
title__all rights,0.0
title__thinking,0.0
title__allowance,0.0
title__allowance is,0.0
title__allu,0.0
title__allu arjun,0.0
title__the year,0.0
title__the way,0.0
title__the ultimate,0.0
title__the top,0.0
title__timestamps,0.0
title__tips and,0.0
title__today live,0.0
title__tips the,0.0
title__today geo,0.0
title__to watch,0.0
title__to visit,0.0
title__to use,0.0
title__to that,0.0
title__to support,0.0
title__to subscribe,0.0
title__to share,0.0
title__afridi,0.0
title__to play,0.0
title__ahir,0.0
title__to laugh,0.0
title__to know,0.0
title__to help,0.0
title__to geo,0.0
title__to create,0.0
title__to build,0.0
title__to be,0.0
title__to all,0.0
title__ajker,0.0
title__title,0.0
title__abc,0.0
title__twitter urdu,0.0
title__aajako,0.0
title__58,0.0
title__vietnam,0.0
title__videos watch,0.0
title__videos subscribe,0.0
title__videos on,0.0
title__videos https,0.0
title__59,0.0
title__video trending,0.0
title__video tik,0.0
title__video suraj,0.0
title__video shows,0.0
title__video short,0.0
title__video please,0.0
title__6 section,0.0
title__video https,0.0
title__video haryanvi,0.0
title__video funny,0.0
title__72,0.0
title__72 according,0.0
title__vibes,0.0
title__90,0.0
title__version,0.0
title__view,0.0
title__56,0.0
title__type,0.0
title__54,0.0
title__warikoo,0.0
title__41,0.0
title__42,0.0
title__43,0.0
title__wanna,0.0
title__wanders short,0.0
title__wanders,0.0
title__walk,0.0
title__wali,0.0
title__wala comedy,0.0
title__44,0.0
title__voter,0.0
title__vote,0.0
title__46,0.0
title__47,0.0
title__48,0.0
title__visual,0.0
title__visit our,0.0
title__4th semester,0.0
title__52,0.0
title__viral news,0.0
title__90s,0.0
title__v o3dpvlynum0,0.0
title__utm_term,0.0
title__utm_source,0.0
title__update https,0.0
title__update ever,0.0
title__atn tv,0.0
title__upcoming movies,0.0
title__up to,0.0
title__a markedly,0.0
title__a small,0.0
title__universe,0.0
title__unit,0.0
title__understand,0.0
title__under the,0.0
title__under section,0.0
title__under chapter,0.0
title__unboxing,0.0
title__unbiased,0.0
title__ucl,0.0
title__ucf0qnwftpjgtul56andm2xa visit,0.0
title__ucf0qnwftpjgtul56andm2xa,0.0
title__u s,0.0
title__aaj ka,0.0
title__type beat,0.0
title__update today,0.0
title__updated,0.0
title__updatenews,0.0
title__use permitted,0.0
title__utm_medium product_shelf,0.0
title__utm_medium,0.0
title__utm_content,0.0
title___,0.0
title___ _,0.0
title__used here,0.0
title__use tips,0.0
title__use this,0.0
title__use some,0.0
title__use is,0.0
title__a diverse,0.0
title__use for,0.0
title__use copyright,0.0
title__use as,0.0
title__a 2019,0.0
title__usage,0.0
title__a cow,0.0
title__urdu https,0.0
title__urdu,0.0
title__updates geo,0.0
title__shorts youtube,0.0
title__be a,0.0
title__shorts video,0.0
title__interview,0.0
title__is one,0.0
title__is not,0.0
title__is for,0.0
title__compilation,0.0
title__investors,0.0
title__compulsory,0.0
title__compulsory math,0.0
title__investing for,0.0
title__concept,0.0
title__introduction to,0.0
title__introduction,0.0
title__international news,0.0
title__is to,0.0
title__intelligence,0.0
title__instrumental,0.0
title__instagram urdu,0.0
title__instagram eng,0.0
title__connected,0.0
title__consumer,0.0
title__ingraham angle,0.0
title__ingraham,0.0
title__infringing non,0.0
title__infringing,0.0
title__information both,0.0
title__is pakistan,0.0
title__islamic,0.0
title__contact us,0.0
title__jamaat news,0.0
title__job,0.0
title__jimmy,0.0
title__ji,0.0
title__jesse watters,0.0
title__jatadhara,0.0
title__coming,0.0
title__jamunatv,0.0
title__jamuna tv,0.0
title__jamuna television,0.0
title__jamuna news,0.0
title__jamuna,0.0
title__jamaat,0.0
title__islamic https,0.0
title__jack,0.0
title__iwt com,0.0
title__iwt,0.0
title__its stature,0.0
title__its dedicated,0.0
title__comment news,0.0
title__it was,0.0
title__it is,0.0
title__companies,0.0
title__islands,0.0
title__island,0.0
title__indonesia,0.0
title__contents,0.0
title__homes,0.0
title__https goo,0.0
title__https wanders,0.0
title__copyrighted,0.0
title__https ter,0.0
title__https t,0.0
title__copyrighted materials,0.0
title__https oly,0.0
title__https nbcsports,0.0
title__https maps,0.0
title__cost,0.0
title__https iwt,0.0
title__costume,0.0
title__https geni,0.0
title__copyright disclaimer,0.0
title__https facebook,0.0
title__countries,0.0
title__https ankurwarikoo,0.0
title__couple,0.0
title__http instagram,0.0
title__course https,0.0
title__html,0.0
title__hours,0.0
title__hotel,0.0
title__covered,0.0
title__hope you,0.0
title__copyright statute,0.0
title__copyright act,0.0
title__index funds,0.0
title__ii old,0.0
title__inc,0.0
title__contents used,0.0
title__in tamil,0.0
title__in stocks,0.0
title__in india,0.0
title__contributed,0.0
title__in favor,0.0
title__imran,0.0
title__important news,0.0
title__important,0.0
title__image,0.0
title__ii bollywood,0.0
title__hulu,0.0
title__ii,0.0
title__coolie,0.0
title__icon to,0.0
title__icon,0.0
title__i will,0.0
title__i ve,0.0
title__copying,0.0
title__copying or,0.0
title__i have,0.0
title__i can,0.0
title__humphreytalks,0.0
title__comedy haryanvi,0.0
title__join us,0.0
title__comedy comedy,0.0
title__click here,0.0
title__listen to,0.0
title__listen,0.0
title__chess,0.0
title__linkedin https,0.0
title__linkedin com,0.0
title__link and,0.0
title__children,0.0
title__line,0.0
title__limited,0.0
title__like this,0.0
title__classic,0.0
title__lights,0.0
title__live atn,0.0
title__clips https,0.0
title__lies at,0.0
title__lies,0.0
title__li,0.0
title__com atnbanglaislamic,0.0
title__com c,0.0
title__lessons,0.0
title__com company,0.0
title__led,0.0
title__com foxnews,0.0
title__learn how,0.0
title__chennai,0.0
title__live geo,0.0
title__comedian,0.0
title__lnk to,0.0
title__love songs,0.0
title__channel live,0.0
title__lot,0.0
title__lost,0.0
title__channel may,0.0
title__channel of,0.0
title__channel today,0.0
title__channel ucf0qnwftpjgtul56andm2xa,0.0
title__logical,0.0
title__local and,0.0
title__local,0.0
title__chapter,0.0
title__live http,0.0
title__lla,0.0
title__ll be,0.0
title__chapter 13,0.0
title__lk,0.0
title__chapter 6,0.0
title__livestream https,0.0
title__livestream,0.0
title__livenews,0.0
title__live tv,0.0
title__live streaming,0.0
title__chelsea,0.0
title__com geoenglishdottv,0.0
title__league highlights,0.0
title__league,0.0
title__kgf,0.0
title__com jamunatv,0.0
title__kid,0.0
title__ki deewaniyat,0.0
title__com money,0.0
title__com mrwhosetheboss,0.0
title__khobor sangbad,0.0
title__khobor atn,0.0
title__khobor ajker,0.0
title__khobor,0.0
title__com nbcsports,0.0
title__khabar,0.0
title__keywords,0.0
title__leading,0.0
title__key,0.0
title__keshav shashi,0.0
title__kentucky derby,0.0
title__kentucky,0.0
title__ke new,0.0
title__com video,0.0
title__com worldathletics,0.0
title__ka mukhya,0.0
title__come,0.0
title__july,0.0
title__juice wrld,0.0
title__com geourdudottv,0.0
title__com geonewsdottv,0.0
title__known,0.0
title__known for,0.0
title__law no,0.0
title__law allowance,0.0
title__com geonews,0.0
title__laugh,0.0
title__latest updates,0.0
title__latest update,0.0
title__latest news,0.0
title__com geonews_english,0.0
title__lata,0.0
title__landscape the,0.0
title__landscape,0.0
title__laltenma ke,0.0
title__laltenma,0.0
title__lalten,0.0
title__lagu,0.0
title__lady,0.0
title__label,0.0
title__l,0.0
title__kumar sanu,0.0
title__kuakata,0.0
title__kpop demon,0.0
title__kpop,0.0
title__com geonews_urdu,0.0
title__covers,0.0
title__cow,0.0
title__atnbangla,0.0
title__fnaf,0.0
title__for any,0.0
title__disclaimer under,0.0
title__footage,0.0
title__follow nbc,0.0
title__follow fox,0.0
title__disney,0.0
title__focus,0.0
title__fnc is,0.0
title__fnc,0.0
title__fnaf movie,0.0
title__fnaf 2,0.0
title__flood,0.0
title__for educational,0.0
title__distinct,0.0
title__distinct position,0.0
title__fire free,0.0
title__diverse,0.0
title__financial advisor,0.0
title__diverse audience,0.0
title__dj,0.0
title__dls,0.0
title__fight,0.0
title__field,0.0
title__do in,0.0
title__for business,0.0
title__for fair,0.0
title__feat,0.0
title__developments,0.0
title__desh,0.0
title__desh tv,0.0
title__deshi,0.0
title__free to,0.0
title__foxnews follow,0.0
title__foxnews com,0.0
title__foxnews,0.0
title__destination,0.0
title__development,0.0
title__fourth semester,0.0
title__fourth,0.0
title__developments sports,0.0
title__directed by,0.0
title__found that,0.0
title__devraj,0.0
title__devraj studio,0.0
title__dhanush,0.0
title__forget to,0.0
title__for you,0.0
title__diamond,0.0
title__for purposes,0.0
title__for my,0.0
title__digital videos,0.0
title__directed,0.0
title__feature,0.0
title__fb,0.0
title__hit the,0.0
title__entertainment known,0.0
title__etc,0.0
title__established a,0.0
title__established,0.0
title__esl,0.0
title__educational or,0.0
title__episodes,0.0
title__edureka,0.0
title__ek,0.0
title__ek deewane,0.0
title__ekhon,0.0
title__entertainment programs,0.0
title__entertainment https,0.0
title__ethos of,0.0
title__entertainment and,0.0
title__ekhon tv,0.0
title__el,0.0
title__engineering,0.0
title__engineer,0.0
title__engagement,0.0
title__eng https,0.0
title__eng,0.0
title__en,0.0
title__election,0.0
title__emotion,0.0
title__ethos,0.0
title__european,0.0
title__doctor,0.0
title__driver,0.0
title__does not,0.0
title__falls under,0.0
title__falls,0.0
title__fair use,0.0
title__fair,0.0
title__facebook urdu,0.0
title__facebook eng,0.0
title__download stream,0.0
title__download the,0.0
title__extra,0.0
title__drama,0.0
title__driving,0.0
title__evening,0.0
title__dude perfect,0.0
title__duet,0.0
title__excel,0.0
title__e,0.0
title__everything,0.0
title__eat,0.0
title__evergreen,0.0
title__ever subscribe,0.0
title__events geo,0.0
title__ed,0.0
title__event,0.0
title__described in,0.0
title__ft,0.0
title__described,0.0
title__dan,0.0
title__hard,0.0
title__hannity,0.0
title__hand,0.0
title__hai,0.0
title__had,0.0
title__current affairs,0.0
title__gy,0.0
title__daily,0.0
title__guitar type,0.0
title__guitar,0.0
title__gta 6,0.0
title__groww,0.0
title__haryanvi comedy,0.0
title__grow,0.0
title__greatest,0.0
title__dark,0.0
title__govt,0.0
title__data science,0.0
title__google news,0.0
title__google,0.0
title__dave,0.0
title__goo gl,0.0
title__goo,0.0
title__golden,0.0
title__cup,0.0
title__haryanvi jokes,0.0
title__full episodes,0.0
title__helps,0.0
title__hit songs,0.0
title__hiru news,0.0
title__hindi songs,0.0
title__hindi news,0.0
title__hindi comedy,0.0
title__hey,0.0
title__here s,0.0
title__create,0.0
title__here falls,0.0
title__create a,0.0
title__henry,0.0
title__help you,0.0
title__haryanvi short,0.0
title__hello,0.0
title__heart of,0.0
title__health,0.0
title__headlines news,0.0
title__headlines live,0.0
title__headlines headlines,0.0
title__headlines,0.0
title__criticism,0.0
title__criticism comment,0.0
title__has established,0.0
title__has been,0.0
title__dave ramsey,0.0
title__goal,0.0
title__go to,0.0
title__gear,0.0
title__geo youtube,0.0
title__geo tv,0.0
title__geo today,0.0
title__geo s,0.0
title__geo live,0.0
title__geo geo,0.0
title__geo digital,0.0
title__geo channel,0.0
title__geo,0.0
title__geni us,0.0
title__geni,0.0
title__garena free,0.0
title__david,0.0
title__garena,0.0
title__gane,0.0
title__gaming pc,0.0
title__dedicated news,0.0
title__games for,0.0
title__deep learning,0.0
title__deewaniyat,0.0
title__delhi,0.0
title__demon,0.0
title__funny moments,0.0
title__demon hunters,0.0
title__geoenglishdottv,0.0
title__geoenglishdottv instagram,0.0
title__geonews,0.0
title__geonews for,0.0
title__gmail com,0.0
title__global political,0.0
title__dc motor,0.0
title__glasses,0.0
title__give,0.0
title__git,0.0
title__death,0.0
title__ghar,0.0
title__get the,0.0
title__debt,0.0
title__get a,0.0
title__dedicated,0.0
title__geourdudottv instagram,0.0
title__geourdudottv facebook,0.0
title__geourdudottv,0.0
title__george,0.0
title__geonewsdottv tiktok,0.0
title__geonewsdottv,0.0
title__geonews_urdu twitter,0.0
title__geonews_urdu,0.0
title__geonews_english facebook,0.0
title__geonews_english,0.0
title__geonews geo,0.0
title__low,0.0
title__ltd,0.0
title__ly 3rdno5j,0.0
title__position,0.0
title__premier league,0.0
title__premier,0.0
title__prank video,0.0
title__prank,0.0
title__pradeep ranganathan,0.0
title__battle,0.0
title__practice,0.0
title__bd,0.0
title__pr,0.0
title__bd news,0.0
title__position in,0.0
title__bdnews,0.0
title__prince,0.0
title__election news,0.0
title__political developments,0.0
title__be infringing,0.0
title__be the,0.0
title__plus three,0.0
title__beat free,0.0
title__please use,0.0
title__beat guitar,0.0
title__playlist list,0.0
title__beat juice,0.0
title__beat melodic,0.0
title__press,0.0
title__principles,0.0
title__beat type,0.0
title__pti,0.0
title__rahman,0.0
title__rafi,0.0
title__quick,0.0
title__puthettu,0.0
title__purposes such,0.0
title__purposes only,0.0
title__purposes,0.0
title__purchase,0.0
title__punjab,0.0
title__public,0.0
title__pubg,0.0
title__provide,0.0
title__principles solidifying,0.0
title__promo,0.0
title__programs,0.0
title__program https,0.0
title__program,0.0
title__profit educational,0.0
title__products,0.0
title__based on,0.0
title__product_shelf utm_source,0.0
title__product_shelf,0.0
title__product,0.0
title__private,0.0
title__beat trap,0.0
title__platform,0.0
title__channel geo,0.0
title__otherwise,0.0
title__pack,0.0
title__owner but,0.0
title__owner,0.0
title__owned by,0.0
title__bell icon,0.0
title__out our,0.0
title__out my,0.0
title__our other,0.0
title__our channel,0.0
title__best of,0.0
title__otherwise be,0.0
title__order,0.0
title__pakistan breaking,0.0
title__or personal,0.0
title__opm,0.0
title__opinions,0.0
title__open world,0.0
title__between,0.0
title__beyond,0.0
title__onelink me,0.0
title__onelink,0.0
title__beyond do,0.0
title__bhoot,0.0
title__on x,0.0
title__bell,0.0
title__pakistan s,0.0
title__planning,0.0
title__per,0.0
title__plan,0.0
title__places to,0.0
title__pl,0.0
title__pinterest,0.0
title__pick,0.0
title__phone,0.0
title__ph,0.0
title__personal use,0.0
title__personal finance,0.0
title__permitted by,0.0
title__permitted,0.0
title__people,0.0
title__pan,0.0
title__peacock,0.0
title__peace,0.0
title__pawan,0.0
title__pati,0.0
title__behind the,0.0
title__passive income,0.0
title__passive,0.0
title__party,0.0
title__partner,0.0
title__part of,0.0
title__part 2,0.0
title__rain,0.0
title__banglavision,0.0
title__banglanews,0.0
title__satellite,0.0
title__section 72,0.0
title__section 36,0.0
title__section 107,0.0
title__secret,0.0
title__second,0.0
title__secc 2,0.0
title__secc,0.0
title__scholarship and,0.0
title__scholarship,0.0
title__say,0.0
title__savings,0.0
title__sapa,0.0
title__aws,0.0
title__sanu,0.0
title__sangbad,0.0
title__same,0.0
title__samacharpati,0.0
title__samachar nepali,0.0
title__samachar live,0.0
title__samachar aaj,0.0
title__samachar,0.0
title__samaa tv,0.0
title__samaa,0.0
title__sajan ahir,0.0
title__security,0.0
title__semester,0.0
title__bangladeshi,0.0
title__australia,0.0
title__atnbangla atnbanglanews,0.0
title__shorts in,0.0
title__shorts funny,0.0
title__atnbanglaislamic,0.0
title__atnbanglanews,0.0
title__short gy,0.0
title__atnbd,0.0
title__audience with,0.0
title__shetty,0.0
title__she,0.0
title__shashi,0.0
title__sharing,0.0
title__semester compulsory,0.0
title__share this,0.0
title__share the,0.0
title__australian,0.0
title__settings,0.0
title__authorization,0.0
title__services and,0.0
title__authorization of,0.0
title__seoul,0.0
title__seo,0.0
title__sensitivity,0.0
title__avoid,0.0
title__sajan,0.0
title__saiyaara,0.0
title__sai,0.0
title__real life,0.0
title__remixes,0.0
title__bangla islamic,0.0
title__release date,0.0
title__bangla khobor,0.0
title__related,0.0
title__reggae,0.0
title__referral,0.0
title__records,0.0
title__bangla news,0.0
title__reality,0.0
title__realistic,0.0
title__bangla program,0.0
title__safety,0.0
title__bangla tv,0.0
title__ready,0.0
title__bangladesh news,0.0
title__bangladesh under,0.0
title__range,0.0
title__ranganathan,0.0
title__ranbir kapoor,0.0
title__ranbir,0.0
title__ramseysolutions com,0.0
title__ramseysolutions,0.0
title__ramsey,0.0
title__report,0.0
title__reporting,0.0
title__reporting teaching,0.0
title__research,0.0
title__sad,0.0
title__baby steps,0.0
title__s principles,0.0
title__back to,0.0
title__balance in,0.0
title__run,0.0
title__rucsu,0.0
title__rtx,0.0
title__rs,0.0
title__royalty,0.0
title__rox,0.0
title__ball,0.0
title__romantic songs,0.0
title__romantic,0.0
title__bangkok,0.0
title__rizvi,0.0
title__risk,0.0
title__rights reserved,0.0
title__rights,0.0
title__bangla atn,0.0
title__bangla https,0.0
title__resources,0.0
title__research fair,0.0
title__on this,0.0
title__on technology,0.0
title__on netflix,0.0
title__more videos,0.0
title__camera https,0.0
title__ms,0.0
title__camman18,0.0
title__movie trailers,0.0
title__canva,0.0
title__mouse,0.0
title__motor,0.0
title__mother,0.0
title__most trusted,0.0
title__most popular,0.0
title__morningnews,0.0
title__more latest,0.0
title__mukhya,0.0
title__more https,0.0
title__more geo,0.0
title__capital,0.0
title__moo moo,0.0
title__moo,0.0
title__mohd rafi,0.0
title__mohd,0.0
title__caribbean,0.0
title__caribbean islands,0.0
title__mission,0.0
title__miss an,0.0
title__much more,0.0
title__mukhya samachar,0.0
title__ncp,0.0
title__nascar,0.0
title__nbcsports com,0.0
title__nbcsports,0.0
title__nbcnews,0.0
title__nbc sports,0.0
title__nbc news,0.0
title__button,0.0
title__natok https,0.0
title__natok,0.0
title__buying,0.0
title__nation,0.0
title__natia,0.0
title__by copyright,0.0
title__cambodia,0.0
title__named,0.0
title__name,0.0
title__by step,0.0
title__nadu,0.0
title__cable news,0.0
title__my new,0.0
title__my life,0.0
title__my channel,0.0
title__mutual fund,0.0
title__music mix,0.0
title__calltoleap,0.0
title__mirai,0.0
title__minutes,0.0
title__minecraft but,0.0
title__makeup,0.0
title__cg,0.0
title__ch,0.0
title__champions,0.0
title__markedly distinct,0.0
title__markedly,0.0
title__marco,0.0
title__maps app,0.0
title__maps,0.0
title__many more,0.0
title__champions league,0.0
title__management,0.0
title__makes,0.0
title__million,0.0
title__make money,0.0
title__major,0.0
title__channel catering,0.0
title__channel fnc,0.0
title__made for,0.0
title__machine learning,0.0
title__machine,0.0
title__mac,0.0
title__ma,0.0
title__m a,0.0
title__m,0.0
title__mastering,0.0
title__masters,0.0
title__match,0.0
title__materials,0.0
title__might otherwise,0.0
title__middle,0.0
title__microsoft,0.0
title__michael,0.0
title__mi,0.0
title__methods,0.0
title__men,0.0
title__cat,0.0
title__member,0.0
title__melodic type,0.0
title__melodic,0.0
title__meet,0.0
title__media landscape,0.0
title__catering,0.0
title__catering to,0.0
title__may use,0.0
title__caylus,0.0
title__cbs,0.0
title__ceo,0.0
title__math unit,0.0
title__math class,0.0
title__certification,0.0
title__materials without,0.0
title__nbcsports follow,0.0
title__ncs,0.0
title__on nbc,0.0
title__notch,0.0
title__october 2025,0.0
title__o3dpvlynum0 for,0.0
title__o3dpvlynum0,0.0
title__nursing,0.0
title__number one,0.0
title__number 1,0.0
title__brazil,0.0
title__ntv news,0.0
title__ntv,0.0
title__notion,0.0
title__notch coverage,0.0
title__not miss,0.0
title__brand keys,0.0
title__not be,0.0
title__not a,0.0
title__nonstop,0.0
title__non profit,0.0
title__no 28,0.0
title__breaking events,0.0
title__nischa me,0.0
title__nischa,0.0
title__nirbachon,0.0
title__broadcast,0.0
title__newstoday,0.0
title__odisha,0.0
title__of all,0.0
title__ndtv,0.0
title__offline,0.0
title__on local,0.0
title__on https,0.0
title__bitch,0.0
title__blog,0.0
title__olympic games,0.0
title__bnp,0.0
title__oly ch,0.0
title__oly,0.0
title__old hindi,0.0
title__bnp news,0.0
title__oh,0.0
title__bonds,0.0
title__of bangladesh,0.0
title__bonus,0.0
title__office,0.0
title__offers unbiased,0.0
title__of your,0.0
title__of transparency,0.0
title__both within,0.0
title__of our,0.0
title__of information,0.0
title__of geo,0.0
title__of fair,0.0
title__of breaking,0.0
title__newslive,0.0
title__news24,0.0
title__news আজক,0.0
title__news alerts,0.0
title__news google,0.0
title__news geo,0.0
title__news election,0.0
title__news current,0.0
title__news coverage,0.0
title__news bd,0.0
title__news bangla,0.0
title__news atnbangla,0.0
title__news atn,0.0
title__news as,0.0
title__news app,0.0
title__news aaj,0.0
title__news world,0.0
title__news 24,0.0
title__business and,0.0
title__business news,0.0
title__new trailer,0.0
title__but contents,0.0
title__neural,0.0
title__net,0.0
title__nepali samachar,0.0
title__nepali news,0.0
title__nepali,0.0
title__need to,0.0
title__news has,0.0
title__news https,0.0
title__news in,0.0
title__news is,0.0
title__news was,0.0
title__news viral,0.0
title__news video,0.0
title__news updates,0.0
title__news update,0.0
title__news trending,0.0
title__news top,0.0
title__budget,0.0
title__news the,0.0
title__news services,0.0
title__news reporting,0.0
title__news pakistan,0.0
title__news online,0.0
title__build,0.0
title__news night,0.0
title__news news,0.0
title__news nepali,0.0
title__news nepal,0.0
title__news ncp,0.0
title__news livestream,0.0
title__news latestnews,0.0
title__news latest,0.0
title__news jamuna,0.0
title__လ,0.0
